Wanted (OneRepublic) 320Kbps-(BigMusic).mp3,Thu Jun 25 19:13:01 CDT 2020
Blinding Lights (The Weeknd) 128Kbps-(BigMusic).mp3,Thu Jun 25 19:13:27 CDT 2020
Blinding Lights (The Weeknd) 128Kbps-(BigMusic).mp3,Thu Jun 25 19:14:26 CDT 2020
Blinding Lights (The Weeknd) 128Kbps-(BigMusic).mp3,Thu Jun 25 19:37:10 CDT 2020
Blinding Lights (The Weeknd) 128Kbps-(BigMusic).mp3,Thu Jun 25 19:40:30 CDT 2020
Blinding Lights (The Weeknd) 128Kbps-(BigMusic).mp3,Thu Jun 25 19:42:30 CDT 2020
Blinding Lights (The Weeknd) 128Kbps-(BigMusic).mp3,Thu Jun 25 19:43:45 CDT 2020
Blinding Lights (The Weeknd) 128Kbps-(BigMusic).mp3,Thu Jun 25 19:48:01 CDT 2020
Blinding Lights (The Weeknd) 128Kbps-(BigMusic).mp3,Thu Jun 25 19:48:48 CDT 2020
Blinding Lights (The Weeknd) 128Kbps-(BigMusic).mp3,Thu Jun 25 22:33:21 CDT 2020
Blinding Lights (The Weeknd) 128Kbps-(BigMusic).mp3,Thu Jun 25 22:34:26 CDT 2020
Blinding Lights (The Weeknd) 128Kbps-(BigMusic).mp3,Thu Jun 25 22:40:41 CDT 2020
Blinding Lights (The Weeknd) 128Kbps-(BigMusic).mp3,Thu Jun 25 22:41:35 CDT 2020
Blinding Lights (The Weeknd) 128Kbps-(BigMusic).mp3,Thu Jun 25 22:45:13 CDT 2020
No Time To Die (Billie Eilish) 128Kbps-(BigMusic).mp3,Thu Jun 25 22:48:36 CDT 2020
Blinding Lights (The Weeknd) 128Kbps-(BigMusic).mp3,Thu Jun 25 22:49:28 CDT 2020
Blinding Lights (The Weeknd) 128Kbps-(BigMusic).mp3,Thu Jun 25 22:51:01 CDT 2020
Blinding Lights (The Weeknd) 128Kbps-(BigMusic).mp3,Thu Jun 25 22:54:19 CDT 2020
Blinding Lights (The Weeknd) 128Kbps-(BigMusic).mp3,Thu Jun 25 23:08:30 CDT 2020
Blinding Lights (The Weeknd) 128Kbps-(BigMusic).mp3,Thu Jun 25 23:09:24 CDT 2020
Blinding Lights (The Weeknd) 128Kbps-(BigMusic).mp3,Thu Jun 25 23:34:16 CDT 2020
BlindingLights.mp3,Thu Jun 25 23:35:23 CDT 2020
BlindingLights.mp3,Thu Jun 25 23:35:49 CDT 2020
BlindingLights.mp3,Thu Jun 25 23:39:40 CDT 2020
BlindingLights.mp3,Thu Jun 25 23:41:47 CDT 2020
BlindingLights.mp3,Thu Jun 25 23:42:06 CDT 2020
BlindingLights.mp3,Thu Jun 25 23:43:10 CDT 2020
BlindingLights.mp3,Thu Jun 25 23:43:27 CDT 2020
BlindingLights.mp3,Thu Jun 25 23:45:35 CDT 2020
BlindingLights.mp3,Thu Jun 25 23:45:54 CDT 2020
BlindingLights.mp3,Thu Jun 25 23:46:21 CDT 2020
BlindingLights.mp3,Thu Jun 25 23:46:42 CDT 2020
BlindingLights.mp3,Thu Jun 25 23:47:21 CDT 2020
BlindingLights.mp3,Thu Jun 25 23:49:08 CDT 2020
BlindingLights.mp3,Thu Jun 25 23:49:36 CDT 2020
BlindingLights.mp3,Thu Jun 25 23:49:54 CDT 2020
BlindingLights.mp3,Thu Jun 25 23:51:56 CDT 2020
BlindingLights.mp3,Thu Jun 25 23:52:11 CDT 2020
BlindingLights.mp3,Thu Jun 25 23:52:28 CDT 2020
BlindingLights.mp3,Thu Jun 25 23:54:16 CDT 2020
BlindingLights.mp3,Thu Jun 25 23:54:41 CDT 2020
BlindingLights.mp3,Thu Jun 25 23:54:56 CDT 2020
BlindingLights.mp3,Fri Jun 26 00:02:29 CDT 2020
BlindingLights.mp3,Fri Jun 26 00:02:43 CDT 2020
BlindingLights.mp3,Fri Jun 26 00:09:34 CDT 2020
BlindingLights.mp3,Fri Jun 26 00:13:27 CDT 2020
BlindingLights.mp3,Fri Jun 26 00:14:34 CDT 2020
BlindingLights.mp3,Fri Jun 26 00:15:02 CDT 2020
BlindingLights.mp3,Fri Jun 26 00:15:33 CDT 2020
BlindingLights.mp3,Fri Jun 26 00:16:11 CDT 2020
BlindingLights.mp3,Fri Jun 26 00:16:38 CDT 2020
BlindingLights.mp3,Fri Jun 26 00:18:45 CDT 2020
BlindingLights.mp3,Fri Jun 26 00:19:14 CDT 2020
BlindingLights.mp3,Fri Jun 26 13:28:01 AWST 2020
BlindingLights.mp3,Fri Jun 26 13:30:02 AWST 2020
BlindingLights.mp3,Fri Jun 26 13:31:03 AWST 2020
BlindingLights.mp3,Fri Jun 26 13:31:54 AWST 2020
BlindingLights.mp3,Fri Jun 26 15:28:38 AWST 2020
BlindingLights.mp3,Fri Jun 26 15:30:03 AWST 2020
BlindingLights.mp3,Fri Jun 26 15:34:03 AWST 2020
BlindingLights.mp3,Fri Jun 26 15:37:25 AWST 2020
BlindingLights.mp3,Fri Jun 26 15:40:04 AWST 2020
BlindingLights.mp3,Fri Jun 26 15:44:37 AWST 2020
BlindingLights.mp3,Fri Jun 26 15:47:59 AWST 2020
BlindingLights.mp3,Fri Jun 26 15:52:26 AWST 2020
